id,sentence,modal_text,modal_lemma,negated,ought_to,POSSIBILITY,NECESSITY,TSU,NEGATION,has_separator,modal_relevant_ops,sbn
p57/d2339,The peace treaty will be signed tomorrow.,will,will,,,,,Y,,,TSU,peace_treaty.n.01 time.n.08 TSU now sign.v.02 Theme -2 Time -1 Time +1 time.n.08 TIN +2 day.n.03 TCT now TAB +1 day.n.03
p81/d1985,Naoko can run fast.,can,can,,,Y,,,,,POSSIBILITY,"female.n.02 Name ""Naoko"" POSSIBILITY <1 run.v.01 Theme -1 Manner +1 fast.r.01"
p80/d3459,This classroom can accommodate only thirty students.,can,can,,,Y,,,,,POSSIBILITY,classroom.n.01 POSSIBILITY <1 accommodate.v.04 Theme -1 Value +3 quantity.n.01 TOP +1 quantity.n.01 EQU 30 person.n.01 Quantity -2 Role +1 student.n.01
p01/d2124,I can't beat Tom at chess.,ca,can,neg,,Y,,,Y,,NEGATION;POSSIBILITY,"person.n.01 EQU speaker NEGATION <1 POSSIBILITY <1 beat.v.01 Agent -1 Co-Agent +1 Theme +2 male.n.02 Name ""Tom"" chess.n.02"
p67/d1533,Can you turn on the air conditioning?,Can,can,,,Y,,,,,POSSIBILITY,POSSIBILITY <1 person.n.01 EQU hearer turn_on.v.01 Agent -1 Patient +1 air_conditioning.n.01
p05/d3224,I can't speak German at all.,ca,can,neg,,Y,,,Y,,NEGATION;POSSIBILITY,person.n.01 EQU speaker NEGATION <1 POSSIBILITY <1 speak.v.03 Agent -1 Theme +1 german.n.02
p40/d2339,I'll foot the bill.,'ll,will,,,,,Y,,,TSU,person.n.01 EQU speaker time.n.08 TSU now foot.v.01 Agent -2 Time -1 Theme +1 bill.n.02
p93/d0842,He will never visit the town again.,will,will,neg,,,,Y,Y,,NEGATION;TSU,male.n.02 NEGATION <1 time.n.08 TSU now visit.v.01 Agent -2 Time -1 Theme +1 town.n.01
p70/d2958,The trip will take approximately five hours.,will,will,,,,,Y,,,TSU,trip.n.01 time.n.08 TSU now take.v.02 Theme -2 Time -1 Value +2 quantity.n.01 APX 5 hour.n.01 Quantity -1
p04/d0830,Nobody can solve this problem.,can,can,,,Y,,,Y,,NEGATION;POSSIBILITY,NEGATION <1 person.n.01 POSSIBILITY <1 solve.v.01 Agent -1 Theme +1 problem.n.02
p63/d2848,I'll take back everything I said.,'ll,will,,,,,Y,Y,Y,CONJUNCTION;NEGATION;TSU,person.n.01 EQU speaker NEGATION <1 NEGATION <1 time.n.08 TSU now take_back.v.05 Agent -2 Time -1 Theme +1 CONJUNCTION <2 entity.n.01 person.n.01 EQU speaker say.v.01 Topic -2 Agent -1 Time +1 time.n.08 TPR now
p00/d3233,The doctor told Tom that he should eat a lot of vegetables.,should,should,,,,Y,,,Y,CONTINUATION;NECESSITY,"person.n.01 Role +1 doctor.n.01 tell.v.02 Proposition >1 Agent -2 Time +1 Recipient +2 time.n.08 TPR now male.n.02 Name ""Tom"" CONTINUATION <0 male.n.02 ANA -1 NECESSITY <1 eat.v.01 Agent -1 Patient +1 entity.n.01 Quantity + EQU +1 vegetable.n.01"
p40/d0241,We could do something big.,could,could,,,Y,,,,,POSSIBILITY,person.n.01 Sub speaker POSSIBILITY <1 do.v.02 Agent -1 Theme +1 entity.n.01 Attribute +1 big.a.02
p96/d2124,You can't deny her anything.,ca,can,neg,,Y,,,Y,,NEGATION;POSSIBILITY,person.n.01 EQU hearer NEGATION <1 POSSIBILITY <1 deny.v.04 Agent -1 Recipient +1 Theme +2 female.n.02 entity.n.01
p03/d1411,Tom can't drive yet.,ca,can,neg,,Y,,,Y,,NEGATION;POSSIBILITY,"male.n.02 Name ""Tom"" NEGATION <1 POSSIBILITY <1 drive.v.01 Agent -1"
p58/d1526,"If the ceiling fell, he would be crushed.",would,would,,,,,Y,,Y,CONSEQUENCE;TSU,ceiling.n.01 fall.v.01 Theme -1 Time +1 time.n.08 TPR now CONSEQUENCE <1 male.n.02 time.n.08 TSU now crush.v.02 Patient -2 Time -1
p12/d2112,"If I don't have a bow, I can't play the violin.",ca,can,neg,,Y,,,Y,Y,CONSEQUENCE;NEGATION;POSSIBILITY,person.n.01 EQU speaker NEGATION <1 time.n.08 EQU now have.v.01 Pivot -2 Time -1 Theme +1 bow.n.02 CONSEQUENCE <1 person.n.01 EQU speaker NEGATION <1 POSSIBILITY <1 play.v.07 Agent -1 Theme +1 violin.n.01
p26/d2570,One cannot trust surveys.,can,can,neg,,Y,,,Y,,NEGATION;POSSIBILITY,NEGATION <1 person.n.01 NEGATION <1 NEGATION <1 POSSIBILITY <1 trust.v.01 Experiencer -1 Stimulus +1 survey.n.01
p40/d1950,It will be a masterpiece!,will,will,,,,,Y,,,TSU,entity.n.01 time.n.08 TSU now be.v.01 Theme -2 Time -1 Co-Theme +1 masterpiece.n.01
p09/d2150,"According to the paper, it will snow tomorrow.",will,will,,,,,Y,,Y,CONTINUATION;TSU,according.a.02 Proposition >1 Source +1 paper.n.03 CONTINUATION <0 entity.n.01 time.n.08 TSU now snow.v.01 EQU -2 Time -1 Time +1 time.n.08 TIN +2 day.n.03 TCT now TAB +1 day.n.03
p32/d0944,He can speak French.,can,can,,,Y,,,,,POSSIBILITY,male.n.02 POSSIBILITY <1 speak.v.03 Agent -1 Theme +1 french.n.01
p79/d3436,The maid will take it to your house.,will,will,,,,,Y,,,TSU,person.n.01 Role +1 maid.n.01 time.n.08 TSU now take.v.07 Agent -3 Time -1 Theme +1 Destination +3 entity.n.01 person.n.01 EQU hearer house.n.01 User -1
p27/d1965,I like this song; it's got a strong beat and you can dance to it.,can,can,,,Y,,,,Y,CONTINUATION;POSSIBILITY,person.n.01 EQU speaker like.v.02 Experiencer -1 Time +1 Stimulus +2 time.n.08 EQU now song.n.01 CONTINUATION <1 entity.n.01 ANA -1 have_got.v.01 Theme -1 Time +1 Pivot +3 time.n.08 EQU now strong.a.01 AttributeOf +1 beat.n.03 CONTINUATION <1 person.n.01 POSSIBILITY <1 dance.v.02 Agent -1 Theme +1 entity.n.01 ANA -8
p62/d1806,None of the teachers could solve the problem.,could,could,,,Y,,,Y,,NEGATION;POSSIBILITY,NEGATION <1 entity.n.01 SubOf +1 person.n.01 Role +1 teacher.n.01 POSSIBILITY <1 solve.v.01 Agent -3 Theme +1 problem.n.02
p92/d3501,The ship will arrive by five o'clock.,will,will,,,,,Y,,,TSU,ship.n.01 time.n.08 TSU now arrive.v.01 Theme -2 Time -1 Time +1 time.n.08 ClockTime 17:00
p84/d2360,"Thursday, we will go to a swimming pool.",will,will,,,,,Y,,,TSU,time.n.08 DayOfWeek thursday person.n.01 Sub speaker time.n.08 TSU now go.v.01 Time -3 Theme -2 Time -1 Destination +1 swimming_pool.n.01
p07/d1990,The dog will bark.,will,will,,,,,Y,,,TSU,dog.n.01 time.n.08 TSU now bark.v.04 Agent -2 Time -1
p03/d3552,It will be scary.,will,will,,,,,Y,,,TSU,entity.n.01 time.n.08 TSU now scary.a.01 AttributeOf -2 Time -1
p22/d3154,The back seat of the car will hold three passengers.,will,will,,,,,Y,,,TSU,backseat.n.02 PartOf +1 car.n.01 time.n.08 TSU now hold.v.12 Location -3 Time -1 Time +1 Value +3 time.n.08 EQU now quantity.n.01 EQU 3 person.n.01 Quantity -1 Role +1 passenger.n.01
p78/d2388,Tom will be all right.,will,will,,,,,Y,,,TSU,"male.n.02 Name ""Tom"" time.n.08 TSU now all_right.a.01 AttributeOf -2 Time -1"
p50/d1584,This stone was so heavy that I could not lift it.,could,could,neg,,Y,,,Y,Y,NEGATION;POSSIBILITY;RESULT,stone.n.01 time.n.08 TPR now heavy.a.01 Time -1 Value + AttributeOf -2 RESULT <1 person.n.01 EQU speaker NEGATION <1 POSSIBILITY <1 lift.v.01 Agent -1 Theme +1 entity.n.01 ANA -5
p41/d0920,"If it rains, he won't come.",wo,will,neg,,,,Y,Y,Y,CONSEQUENCE;NEGATION;TSU,entity.n.01 rain.v.01 EQU -1 Time +1 time.n.08 EQU now CONSEQUENCE <1 male.n.02 NEGATION <1 time.n.08 TSU now come.v.02 Theme -2 Time -1
p05/d1609,We will be back at half past three.,will,will,,,,,Y,,,TSU,person.n.01 Sub speaker time.n.08 TSU now back.r.01 Theme -2 Time -1 Time +1 time.n.08 ClockTime 15:30
p37/d2257,She'll rip my head off.,'ll,will,,,,,Y,,,TSU,female.n.02 time.n.08 TSU now tear_off.v.01 Agent -2 Time -1 Patient +2 person.n.01 EQU speaker head.n.01 PartOf -1
p00/d3349,You can buy stamps at any post office.,can,can,,,Y,,,Y,Y,CONJUNCTION;NEGATION;POSSIBILITY,NEGATION <1 person.n.01 NEGATION <1 POSSIBILITY <1 NEGATION <1 NEGATION <1 buy.v.01 Agent -1 Theme +1 Location +1 stamp.n.04 CONJUNCTION <2 post_office.n.01
p12/d0799,Can we roller-skate in this park?,Can,can,,,Y,,,,,POSSIBILITY,POSSIBILITY <1 person.n.01 Sub speaker roller_skate.v.01 Theme -1 Location +1 park.n.02
p05/d3330,I can sing it in English.,can,can,,,Y,,,,,POSSIBILITY,person.n.01 EQU speaker POSSIBILITY <1 sing.v.01 Agent -1 Theme +1 Context +2 entity.n.01 english.n.01
p67/d2470,Tuesday we will go to the clubhouse.,will,will,,,,,Y,,,TSU,time.n.08 DayOfWeek tuesday person.n.01 Sub speaker time.n.08 TSU now go.v.01 Time -3 Theme -2 Time -1 Destination +1 clubhouse.n.01
p66/d3040,Who will console him?,will,will,,,,,Y,,,TSU,person.n.01 Name ? time.n.08 TSU now console.v.01 Stimulus -2 Time -1 Experiencer +1 male.n.02
p94/d2931,"Even though we tried hard, we couldn't beat Jane.",could,could,neg,,Y,,,Y,Y,CONTRAST;NEGATION;POSSIBILITY,"person.n.01 Sub speaker try.v.01 Agent -1 Time +1 Manner +2 time.n.08 TPR now hard.r.01 CONTRAST <1 person.n.01 Sub speaker NEGATION <1 POSSIBILITY <1 beat.v.01 Agent -1 Co-Agent +1 female.n.02 Name ""Jane"""
p02/d2133,Tom won't speak to anybody.,wo,will,neg,,,,Y,Y,,NEGATION;TSU,"male.n.02 Name ""Tom"" NEGATION <1 time.n.08 TSU now speak.v.01 Agent -2 Time -1 Co-Agent +1 person.n.01"
p93/d0115,"If I had money, I'd buy this computer.",'d,would,,,,,Y,,Y,CONSEQUENCE;TSU,person.n.01 EQU speaker have.v.01 Pivot -1 Time +1 Theme +2 time.n.08 TPR now money.n.01 CONSEQUENCE <1 person.n.01 EQU speaker time.n.08 TSU now buy.v.01 Agent -2 Time -1 Theme +1 computer.n.01
p15/d2529,May I open a can?,May,may,,,Y,,,,,POSSIBILITY,POSSIBILITY <1 person.n.01 EQU speaker open.v.01 Agent -1 Patient +1 can.n.01
p71/d2966,"If you are hungry, you can eat the bread.",can,can,,,Y,,,,Y,CONSEQUENCE;POSSIBILITY,person.n.01 EQU hearer time.n.08 EQU now hungry.a.01 Experiencer -2 Time -1 CONSEQUENCE <1 person.n.01 EQU hearer POSSIBILITY <1 eat.v.01 Agent -1 Patient +1 bread.n.01
p24/d3377,I'll eat fish.,'ll,will,,,,,Y,,,TSU,person.n.01 EQU speaker time.n.08 TSU now eat.v.01 Agent -2 Time -1 Patient +1 fish.n.02
p65/d2527,I will start working on July first.,will,will,,,,,Y,,,TSU,person.n.01 EQU speaker time.n.08 TSU now start.v.02 Time -1 PartOf +1 Time +2 work.v.02 Agent -3 time.n.08 MonthOfYear 7 time.n.08 DayOfMonth 1 EQU -1
p91/d0921,You can't live on that island.,ca,can,neg,,Y,,,Y,,NEGATION;POSSIBILITY,NEGATION <1 person.n.01 NEGATION <1 NEGATION <1 POSSIBILITY <1 live.v.01 Theme -1 Location +1 island.n.01
p68/d0935,"If you take this bus, you will reach the village.",will,will,,,,,Y,,Y,CONSEQUENCE;TSU,person.n.01 EQU hearer take.v.09 Agent -1 Time +1 Theme +2 time.n.08 EQU now bus.n.01 CONSEQUENCE <1 person.n.01 EQU hearer time.n.08 TSU now reach.v.01 Theme -2 Time -1 Destination +1 village.n.02
p26/d1789,The train should reach Osaka by ten.,should,should,,,,Y,,,,NECESSITY,"train.n.01 NECESSITY <1 reach.v.01 Theme -1 Destination +1 Time +2 city.n.01 Name ""Osaka"" time.n.08 ClockTime 22:00"
p02/d2031,Tom can't swim at all.,ca,can,neg,,Y,,,Y,,NEGATION;POSSIBILITY,"male.n.02 Name ""Tom"" NEGATION <1 POSSIBILITY <1 swim.v.01 Theme -1"
p07/d1779,I'll go to Greece.,'ll,will,,,,,Y,,,TSU,"person.n.01 EQU speaker time.n.08 TSU now go.v.01 Theme -2 Time -1 Destination +1 country.n.02 Name ""Greece"""
p28/d1660,I can't recall her name at the moment.,ca,can,neg,,Y,,,Y,,NEGATION;POSSIBILITY,person.n.01 EQU speaker NEGATION <1 POSSIBILITY <1 recall.v.01 Agent -1 Theme +2 Time +3 female.n.02 name.n.01 User -1 time.n.08 EQU now
p90/d1734,He must be fined if he breaks the law.,must,must,,,,Y,,,Y,NECESSITY;PRECONDITION,male.n.02 NECESSITY <1 fine.v.01 Recipient -1 PRECONDITION <1 male.n.02 ANA -2 break.v.06 Agent -1 Time +1 Theme +2 time.n.08 EQU now law.n.01
p15/d2569,Lunch will be provided.,will,will,,,,,Y,,,TSU,lunch.n.01 time.n.08 TSU now provide.v.02 Theme -2 Time -1
p28/d2744,Drivers should wear seat belts.,should,should,,,,Y,,,,NECESSITY,person.n.01 Role +1 driver.n.01 NECESSITY <1 wear.v.02 Agent -2 Theme +1 seat_belt.n.01
p01/d2665,This damned computer won't work.,wo,will,neg,,,,Y,Y,,NEGATION;TSU,damned.a.01 AttributeOf +1 computer.n.01 NEGATION <1 time.n.08 TSU now work.v.04 Theme -2 Time -1
p13/d3256,I really must have my watch repaired.,must,must,,,,Y,Y,,,NECESSITY;TSU,person.n.01 EQU speaker NECESSITY <1 time.n.08 TSU now person.n.01 EQU speaker watch.n.01 User -1 repair.v.01 Beneficiary -4 Time -3 Patient -1
p25/d2518,"If you want a pen, I will lend you one.",will,will,,,,,Y,,Y,CONSEQUENCE;TSU,person.n.01 EQU hearer want.v.01 Pivot -1 Time +1 Theme +2 time.n.08 EQU now pen.n.01 CONSEQUENCE <1 person.n.01 EQU speaker time.n.08 TSU now lend.v.02 Agent -2 Time -1 Recipient +1 Theme +2 person.n.01 EQU hearer pen.n.01
p84/d0920,She promised me that she would clean my room.,would,would,,,,,Y,,Y,CONTINUATION;TSU,female.n.02 promise.v.01 Proposition >1 Agent -1 Time +1 Recipient +2 time.n.08 TPR now person.n.01 EQU speaker CONTINUATION <0 female.n.02 ANA -4 time.n.08 TSU now clean.v.02 Agent -2 Time -1 Source +2 person.n.01 EQU speaker room.n.01 User -1
p78/d1864,Tom can't speak French either.,ca,can,neg,,Y,,,Y,,NEGATION;POSSIBILITY,"male.n.02 Name ""Tom"" NEGATION <1 POSSIBILITY <1 speak.v.03 Agent -1 Theme +1 french.n.01"
p30/d3369,It will take me 20 minutes to get to the station by taxi.,will,will,,,,,Y,,,TSU,time.n.08 TSU now person.n.01 EQU speaker quantity.n.01 EQU 20 minute.n.01 Quantity -1 get.v.05 Time -4 Theme -3 Duration -1 Destination +1 Instrument +2 station.n.01 taxi.n.01
p76/d1905,Will that key unlock this drawer?,Will,will,,,,,Y,,,TSU,time.n.08 TSU now key.n.01 unlock.v.01 Time -2 Instrument -1 Patient +1 drawer.n.01
p01/d1238,Mr Jenninger will take the witness stand on 13 May.,will,will,,,,,Y,,,TSU,"mr.n.01 male.n.02 Name ""Jenninger"" Title -1 time.n.08 TSU now take.v.22 Theme -2 Time -1 Location +1 Time +3 witness_stand.n.01 time.n.08 DayOfMonth 13 EQU +1 time.n.08 MonthOfYear 5"
p00/d1710,This dog will protect us.,will,will,,,,,Y,,,TSU,dog.n.01 time.n.08 TSU now protect.v.01 Agent -2 Time -1 Beneficiary +1 person.n.01 Sub speaker
p10/d2719,We should break up.,should,should,,,,Y,,,,NECESSITY,person.n.01 Sub speaker NECESSITY <1 break_up.v.02 Patient -1
p47/d1215,The delegation will continue to Libya.,will,will,,,,,Y,,,TSU,"delegation.n.01 time.n.08 TSU now continue.v.04 Theme -2 Time -1 Destination +1 country.n.02 Name ""Libya"""
p74/d2359,A top-class shearer can shear up to 150 sheep in one day.,can,can,,,Y,,,Y,,NEGATION;POSSIBILITY,NEGATION <1 first-class.a.01 AttributeOf +2 person.n.01 Role +1 shearer.n.03 NEGATION <1 POSSIBILITY <1 shear.v.02 Agent -2 Source +3 Duration +5 quantity.n.01 TOP +1 quantity.n.01 EQU 150 sheep.n.01 Quantity -2 quantity.n.01 EQU 1 day.n.01 Quantity -1
p01/d2300,Tom can drive now.,can,can,,,Y,,,,,POSSIBILITY,"male.n.02 Name ""Tom"" POSSIBILITY <1 drive.v.01 Agent -1 Time +1 time.n.08 EQU now"
p90/d0937,You must promise me something.,must,must,,,,Y,,,,NECESSITY,person.n.01 EQU hearer NECESSITY <1 promise.v.01 Agent -1 Recipient +1 Topic +2 person.n.01 EQU speaker entity.n.01
p04/d2502,This can is leaking.,can,can,,,,,,,,,can.n.01 time.n.08 EQU now leak.v.04 Source -2 Time -1
p02/d3483,I can ride a horse.,can,can,,,Y,,,,,POSSIBILITY,person.n.01 EQU speaker POSSIBILITY <1 ride.v.01 Agent -1 Theme +1 horse.n.01
p79/d2734,We'll meet at 3:00 p.m.,'ll,will,,,,,Y,,,TSU,person.n.01 Sub speaker time.n.08 TSU now meet.v.02 Agent -2 Time -1 Time +1 time.n.08 ClockTime 15:00
p55/d1684,We should've bought three bottles of wine.,should,should,,,,Y,,,,NECESSITY,person.n.01 Sub speaker NECESSITY <1 buy.v.01 Agent -1 Time +1 Theme +4 time.n.08 TPR now quantity.n.01 EQU 3 bottle.n.02 Quantity -1 entity.n.01 Sub -1 Sub +1 wine.n.01
p62/d2568,I can't speak French.,ca,can,neg,,Y,,,Y,,NEGATION;POSSIBILITY,person.n.01 EQU speaker NEGATION <1 POSSIBILITY <1 speak.v.03 Agent -1 Theme +1 french.n.01
p40/d3310,That will cost thirty euros.,will,will,,,,,Y,,,TSU,entity.n.01 time.n.08 TSU now cost.v.01 Theme -2 Time -1 Value +2 quantity.n.01 EQU 30 euro.n.01 Quantity -1
p45/d2713,This damp match won't light.,wo,will,neg,,,,Y,Y,,NEGATION;TSU,damp.a.01 AttributeOf +1 match.n.01 time.n.08 TSU now NEGATION <1 light.v.04 Patient -2 Time -1
p90/d0841,He cannot swim.,can,can,neg,,Y,,,Y,,NEGATION;POSSIBILITY,male.n.02 NEGATION <1 POSSIBILITY <1 swim.v.01 Theme -1
p50/d2174,Anybody who wants this book can be given it.,can,can,,,Y,,,Y,,NEGATION;POSSIBILITY,NEGATION <1 person.n.01 EQU +1 entity.n.01 want.v.01 Pivot -1 Time +1 Theme +2 time.n.08 EQU now book.n.02 NEGATION <1 POSSIBILITY <1 give.v.03 Recipient -4 Theme +1 entity.n.01 ANA -2
p81/d0812,The death penalty should be abolished.,should,should,,,,Y,Y,,,NECESSITY;TSU,death_penalty.n.01 NECESSITY <1 time.n.08 TSU now abolish.v.01 Theme -2 Time -1
p15/d2333,You should go to the dentist and have that tooth pulled out.,should,should,,,,Y,Y,,,NECESSITY;TSU,person.n.01 EQU hearer time.n.08 TSU now tooth.n.01 pull_out.v.03 Source -3 Time -2 Theme -1 NECESSITY <1 go.v.01 Theme -4 Destination +1 person.n.01 Role +1 dentist.n.01
p25/d1541,A book can excite.,can,can,,,Y,,,Y,,NEGATION;POSSIBILITY,NEGATION <1 book.n.01 NEGATION <1 POSSIBILITY <1 excite.v.01 Stimulus -1
p73/d1885,This will cost about 10 thousand yen.,will,will,,,,,Y,,,TSU,entity.n.01 time.n.08 TSU now cost.v.01 Theme -2 Time -1 Value +2 quantity.n.01 APX 10000 yen.n.02 Quantity -1
p87/d2859,The ship will call at Yokohama.,will,will,,,,,Y,,,TSU,"ship.n.01 time.n.08 TSU now call.v.13 Theme -2 Time -1 Location +1 city.n.01 Name ""Yokohama"""
p61/d0766,This will cost €30.,will,will,,,,,Y,,,TSU,entity.n.01 time.n.08 TSU now cost.v.01 Theme -2 Time -1 Value +1 euro.n.01 Quantity +1 quantity.n.01 EQU 30
p50/d2499,Emily will surprise me.,will,will,,,,,Y,,,TSU,"female.n.02 Name ""Emily"" time.n.08 TSU now surprise.v.01 Stimulus -2 Time -1 Experiencer +1 person.n.01 EQU speaker"
p40/d1842,I'll be back at 6:30.,'ll,will,,,,,Y,,,TSU,person.n.01 EQU speaker time.n.08 TSU now back.r.01 AttributeOf -2 Time -1 Time +1 time.n.08 ClockTime 18:30
p10/d2033,I will make a note in my notebook.,will,will,,,,,Y,,,TSU,person.n.01 EQU speaker time.n.08 TSU now make.v.16 Agent -2 Time -1 Product +1 Location +3 note.n.01 person.n.01 EQU speaker notebook.n.01 User -1
p03/d2393,The pain will wear off.,will,will,,,,,Y,,,TSU,pain.n.01 time.n.08 TSU now wear_off.v.02 Theme -2 Time -1
p10/d2463,You mustn't throw litter in the street.,must,must,neg,,,Y,,Y,,NECESSITY;NEGATION,person.n.01 EQU hearer NECESSITY <1 NEGATION <1 throw.v.03 Agent -1 Theme +1 Destination +2 litter.n.02 street.n.01
p20/d3193,They will be jealous.,will,will,,,,,Y,,,TSU,person.n.01 time.n.08 TSU now jealous.a.01 Experiencer -2 Time -1
p70/d3109,I'd like two kilos of apples.,'d,would,,,,,Y,,,TSU,person.n.01 EQU speaker time.n.08 TSU now like.v.05 Pivot -2 Time -1 Theme +3 quantity.n.01 EQU 2 kilo.n.01 Quantity -1 entity.n.01 Sub -1 Sub +1 apple.n.01
p00/d1593,I will not lie to her.,will,will,neg,,,,Y,Y,,NEGATION;TSU,person.n.01 EQU speaker NEGATION <1 time.n.08 TSU now lie.v.05 Agent -2 Time -1 Recipient +1 female.n.02
p62/d2651,Candles will be provided.,will,will,,,,,Y,,,TSU,candle.n.01 time.n.08 TSU now provide.v.02 Theme -2 Time -1
p24/d1522,He'll go to Ireland.,'ll,will,,,,,Y,,,TSU,"male.n.02 time.n.08 TSU now go.v.01 Theme -2 Time -1 Destination +1 country.n.02 Name ""Ireland"""
p53/d2645,He will arrive on June 24th.,will,will,,,,,Y,,,TSU,male.n.02 time.n.08 TSU now arrive.v.01 Theme -2 Time -1 Time +2 time.n.08 MonthOfYear 6 EQU +1 time.n.08 DayOfMonth 24
p99/d2265,What time will you leave?,will,will,,,,,Y,,,TSU,time.n.08 ClockTime ? time.n.08 TSU now person.n.01 EQU hearer leave.v.01 Time -3 Time -2 Theme -1
p92/d2157,This Wednesday I'll see Carla.,'ll,will,,,,,Y,,,TSU,"time.n.08 DayOfWeek wednesday person.n.01 EQU speaker time.n.08 TSU now see.v.08 Time -3 Agent -2 Time -1 Co-Agent +1 female.n.02 Name ""Carla"""
p00/d2860,I can't understand this table.,ca,can,neg,,Y,,,Y,,NEGATION;POSSIBILITY,person.n.01 EQU speaker NEGATION <1 POSSIBILITY <1 understand.v.01 Experiencer -1 Stimulus +1 table.n.01
p69/d0771,What time will you get to the station?,will,will,,,,,Y,,,TSU,time.n.08 ClockTime ? time.n.08 TSU now person.n.01 EQU hearer get.v.05 Time -3 Time -2 Theme -1 Destination +1 station.n.01
p51/d3342,"If you invite him, he may come.",may,may,,,Y,,,,Y,CONSEQUENCE;POSSIBILITY,person.n.01 EQU hearer invite.v.02 Agent -1 Theme +1 male.n.02 CONSEQUENCE <1 male.n.02 ANA -1 POSSIBILITY <1 come.v.01 Theme -1
p38/d1424,He will wait.,will,will,,,,,Y,,,TSU,male.n.02 time.n.08 TSU now wait.v.01 Theme -2 Time -1
p25/d2856,What kind of music will you guys be playing?,will,will,,,,,Y,,,TSU,entity.n.01 InstanceOf +1 EQU ? music.n.01 time.n.08 TSU now person.n.01 EQU hearer guy.n.01 SubOf -1 time.n.08 EQU now play.v.07 Time -4 Theme -6 Agent -2 Time -1
p86/d1579,We'll have loads of fun.,'ll,will,,,,,Y,,,TSU,person.n.01 Sub speaker time.n.08 TSU now have.v.03 Experiencer -2 Time -1 Stimulus +1 entity.n.01 Quantity + EQU +1 fun.n.01
p16/d3542,"Though I failed, I will try again.",will,will,,,,,Y,,Y,CONTRAST;TSU,person.n.01 EQU speaker fail.v.02 Agent -1 Time +1 time.n.08 TPR now CONTRAST <1 person.n.01 EQU speaker time.n.08 TSU now try.v.01 Agent -2 Time -1
p24/d1509,Tom must be at least thirty years old.,must,must,,,,Y,,,,NECESSITY,"male.n.02 Name ""Tom"" NECESSITY <1 time.n.08 EQU now quantity.n.01 BOT +1 quantity.n.01 EQU 30 year.n.01 Quantity -2 old.a.01 Theme -5 Time -4 Value -1"
p82/d3242,We must keep a diary every day.,must,must,,,,Y,,Y,Y,CONJUNCTION;NECESSITY;NEGATION,person.n.01 Sub speaker NECESSITY <1 NEGATION <1 NEGATION <1 keep.v.08 Agent -2 Theme +1 Time +2 diary.n.01 CONJUNCTION <2 day.n.01
p34/d2900,Tom can also speak some French.,can,can,,,Y,,,,,POSSIBILITY,"male.n.02 Name ""Tom"" POSSIBILITY <1 speak.v.03 Agent -1 Theme +1 french.n.01"
p48/d0772,The ice will give under your weight.,will,will,,,,,Y,,,TSU,ice.n.02 time.n.08 TSU now give.v.26 Patient -2 Time -1 Causer +2 person.n.01 EQU hearer weight.n.01 FeatureOf -1
p12/d2802,The ship will stop in Yokohama.,will,will,,,,,Y,,,TSU,"ship.n.01 time.n.08 TSU now stop.v.04 Theme -2 Time -1 Location +1 city.n.01 Name ""Yokohama"""
p11/d2216,The flight to Boston should take about ninety minutes.,should,should,,,,Y,,,,NECESSITY,"flight.n.02 Destination +1 city.n.01 Name ""Boston"" NECESSITY <1 take.v.02 Theme -2 Value +2 quantity.n.01 APX 90 minute.n.01 Quantity -1"
p60/d3412,Tom can borrow my car for a few days.,can,can,,,Y,,,,,POSSIBILITY,"male.n.02 Name ""Tom"" POSSIBILITY <1 borrow.v.01 Agent -1 Theme +2 Duration +3 person.n.01 EQU speaker car.n.01 User -1 day.n.01 Quantity -"
p32/d1658,"Subway fares will be raised as of April 1st, 1999.",will,will,,,,,Y,,,TSU,subway_fare.n.01 time.n.08 TSU now raise.v.01 Patient -2 Time -1 Start +2 time.n.08 MonthOfYear 4 EQU +1 time.n.08 DayOfMonth 1 EQU +1 time.n.08 YearOfCentury 1999
p61/d3418,I can't stand that noise anymore.,ca,can,neg,,Y,,,Y,,NEGATION;POSSIBILITY,person.n.01 EQU speaker NEGATION <1 POSSIBILITY <1 stand.v.05 Experiencer -1 Stimulus +1 noise.n.01
p10/d3512,I cannot swim at all.,can,can,neg,,Y,,,Y,,NEGATION;POSSIBILITY,person.n.01 EQU speaker NEGATION <1 POSSIBILITY <1 swim.v.01 Theme -1
p55/d2960,It will be also interesting.,will,will,,,,,Y,,,TSU,entity.n.01 time.n.08 TSU now interesting.a.01 AttributeOf -2 Time -1
p09/d0855,I can't find my watch.,ca,can,neg,,Y,,,Y,,NEGATION;POSSIBILITY,person.n.01 EQU speaker NEGATION <1 POSSIBILITY <1 find.v.03 Agent -1 Theme +2 person.n.01 EQU speaker watch.n.01 User -1
p31/d3318,Tom won't give in.,wo,will,neg,,,,Y,Y,,NEGATION;TSU,"male.n.02 Name ""Tom"" NEGATION <1 time.n.08 TSU now give_in.v.01 Agent -2 Time -1"
p41/d2712,"If he is not ill, he will come.",will,will,,,,,Y,Y,Y,CONSEQUENCE;NEGATION;TSU,male.n.02 NEGATION <1 time.n.08 EQU now ill.a.01 AttributeOf -2 Time -1 CONSEQUENCE <1 male.n.02 ANA -3 time.n.08 TSU now come.v.02 Theme -2 Time -1
p73/d2477,I can't kiss you now.,ca,can,neg,,Y,,,Y,,NEGATION;POSSIBILITY,person.n.01 EQU speaker NEGATION <1 POSSIBILITY <1 kiss.v.01 Agent -1 Co-Agent +1 Time +2 person.n.01 EQU hearer time.n.08 EQU now
p07/d3465,I will start working on July the first.,will,will,,,,,Y,,,TSU,person.n.01 EQU speaker time.n.08 TSU now start.v.02 Time -1 PartOf +1 Time +2 work.v.02 Agent -3 time.n.08 MonthOfYear 7 DayOfMonth 1 time.n.08 EQU -1
p90/d3208,"This hotel can accommodate over 1,000 guests.",can,can,,,Y,,,,,POSSIBILITY,hotel.n.01 POSSIBILITY <1 accommodate.v.04 Agent -1 Theme +3 quantity.n.01 MOR +1 quantity.n.01 EQU 1000 person.n.01 Quantity -2 Role +1 guest.n.03
p75/d2108,We won't be silenced.,wo,will,neg,,,,Y,Y,,NEGATION;TSU,person.n.01 Sub speaker NEGATION <1 time.n.08 TSU now silence.v.02 Patient -2 Time -1
p09/d2140,I will discuss it with my horse.,will,will,,,,,Y,,,TSU,person.n.01 EQU speaker time.n.08 TSU now discuss.v.02 Agent -2 Time -1 Topic +1 Co-Agent +3 entity.n.01 person.n.01 EQU speaker horse.n.01 Owner -1
p04/d2804,You'll ruin everything.,'ll,will,,,,,Y,Y,Y,CONJUNCTION;NEGATION;TSU,person.n.01 EQU hearer NEGATION <1 NEGATION <1 time.n.08 TSU now ruin.v.01 Agent -2 Time -1 Patient +1 CONJUNCTION <2 entity.n.01
p77/d2957,"Tom won't go, will he?",wo,will,neg,,,,Y,Y,,NEGATION;TSU,"male.n.02 Name ""Tom"" NEGATION <1 time.n.08 TSU now go.v.03 Theme -2 Time -1"
p77/d2957,"Tom won't go, will he?",will,will,,,,,Y,Y,,NEGATION;TSU,"male.n.02 Name ""Tom"" NEGATION <1 time.n.08 TSU now go.v.03 Theme -2 Time -1"
p01/d2547,Can I borrow the hair dryer?,Can,can,,,Y,,,,,POSSIBILITY,POSSIBILITY <1 person.n.01 EQU speaker borrow.v.01 Agent -1 Theme +1 hair_dryer.n.01
p04/d2061,Tom can't whistle.,ca,can,neg,,Y,,,Y,,NEGATION;POSSIBILITY,"male.n.02 Name ""Tom"" NEGATION <1 POSSIBILITY <1 whistle.v.01 Agent -1"
p94/d1200,The planned joint venture will have a total capacity of 1.4 million metric tons.,will,will,,,,,Y,,,TSU,planned.a.01 AttributeOf +1 joint_venture.n.01 time.n.08 TSU now have.v.02 Pivot -2 Time -1 Theme +2 total.a.01 AttributeOf +1 capacity.n.01 Value +2 quantity.n.01 EQU 1400000 metric_ton.n.01 Quantity -1
p83/d2570,Tom can't cook.,ca,can,neg,,Y,,,Y,,NEGATION;POSSIBILITY,"male.n.02 Name ""Tom"" NEGATION <1 POSSIBILITY <1 cook.v.01 Agent -1"
p10/d2267,I'll buy him a pencil.,'ll,will,,,,,Y,,,TSU,person.n.01 EQU speaker time.n.08 TSU now buy.v.01 Agent -2 Time -1 Beneficiary +1 Theme +2 male.n.02 pencil.n.01
p27/d1630,Tom said he wouldn't shoot an unarmed man.,would,would,neg,,,,Y,Y,Y,CONTINUATION;NEGATION;TSU,"male.n.02 Name ""Tom"" say.v.01 Proposition >1 Agent -1 Time +1 time.n.08 TPR now CONTINUATION <0 male.n.02 ANA -3 NEGATION <1 time.n.08 TSU now shoot.v.01 Agent -2 Time -1 Patient +2 unarmed.a.01 AttributeOf +1 man.n.01"
p25/d2152,Tom will never change.,will,will,neg,,,,Y,Y,,NEGATION;TSU,"male.n.02 Name ""Tom"" NEGATION <1 time.n.08 TSU now change.v.02 Patient -2 Time -1"
p73/d2958,That's thieves' cant.,ca,can,neg,,,,,,,,entity.n.01 be.v.01 Theme -1 Time +1 Co-Theme +4 time.n.08 EQU now person.n.01 Role +1 thief.n.01 cant.n.03 Creator -2
p84/d3151,I'll order food.,'ll,will,,,,,Y,,,TSU,person.n.01 EQU speaker time.n.08 TSU now order.v.02 Agent -2 Time -1 Theme +1 food.n.02
p44/d3239,Tom is hoping that he can hitch a ride to Boston.,can,can,,,Y,,,,Y,CONTINUATION;POSSIBILITY,"male.n.02 Name ""Tom"" time.n.08 EQU now hope.v.01 Time -1 Proposition >1 Agent -2 CONTINUATION <0 male.n.02 ANA -3 POSSIBILITY <1 hitch.v.04 Agent -1 Theme +1 ride.n.01 Destination +1 city.n.01 Name ""Boston"""
p06/d2983,"If you don't hurry, you'll miss the train.",'ll,will,,,,,Y,Y,Y,CONSEQUENCE;NEGATION;TSU,person.n.01 EQU hearer NEGATION <1 time.n.08 EQU now hurry.v.01 Agent -2 Time -1 CONSEQUENCE <1 person.n.01 EQU hearer time.n.08 TSU now miss.v.05 Agent -2 Time -1 Theme +1 train.n.01
p71/d2508,The government will tax your income.,will,will,,,,,Y,,,TSU,government.n.01 time.n.08 TSU now tax.v.01 Agent -2 Time -1 Theme +2 person.n.01 EQU hearer income.n.01 Creator -1
p70/d2236,No one will change anything.,will,will,,,,,Y,Y,,NEGATION;TSU,NEGATION <1 person.n.01 time.n.08 TSU now change.v.01 Agent -2 Time -1 Patient +1 entity.n.01
p07/d3339,You kids must be tired.,must,must,,,,Y,,,,NECESSITY,person.n.01 EQU hearer kid.n.01 SubOf -1 NECESSITY <1 tired.a.01 Experiencer -1
p10/d2518,Tom might be busy.,might,might,,,Y,,,,,POSSIBILITY,"male.n.02 Name ""Tom"" POSSIBILITY <1 busy.a.01 AttributeOf -1"
p64/d2301,Jim could hear whom she was phoning.,could,could,,,Y,,,,Y,CONTINUATION;POSSIBILITY,"male.n.02 Name ""Jim"" POSSIBILITY <1 hear.v.01 Proposition >1 Experiencer -1 Time +1 time.n.08 EQU now CONTINUATION <0 person.n.01 Name ? female.n.02 time.n.08 TPR now phone.v.01 Theme -3 Agent -2 Time -1"
p04/d2366,Tom's guardian angel must have been watching over him.,must,must,,,,Y,,,,NECESSITY,"male.n.02 Name ""Tom"" person.n.01 Role +1 guardian_angel.n.01 Of -2 NECESSITY <1 time.n.08 TPR now watch_over.v.01 Agent -3 Time -1 Theme +1 male.n.02 ANA -5"
p35/d3190,I shouldn't have yelled at Tom.,should,should,neg,,,Y,,Y,,NECESSITY;NEGATION,"person.n.01 EQU speaker NECESSITY <1 NEGATION <1 yell.v.02 Agent -1 Time +1 Recipient +2 time.n.08 TPR now male.n.02 Name ""Tom"""
p50/d1682,I'll be in the lab.,'ll,will,,,,,Y,,,TSU,person.n.01 EQU speaker time.n.08 TSU now be.v.03 Theme -2 Time -1 Location +1 lab.n.01
p46/d3139,I'll never listen to Tom again.,'ll,will,neg,,,,Y,Y,,NEGATION;TSU,"person.n.01 EQU speaker NEGATION <1 time.n.08 TSU now listen.v.01 Agent -2 Time -1 Theme +1 male.n.02 Name ""Tom"""
p63/d2230,I'll hire whoever he recommends.,'ll,will,,,,,Y,Y,Y,CONJUNCTION;NEGATION;TSU,person.n.01 EQU speaker NEGATION <1 NEGATION <1 time.n.08 TSU now hire.v.01 Agent -2 Time -1 Theme +1 CONJUNCTION <2 person.n.01 male.n.02 recommend.v.01 Theme -2 Agent -1 Time +1 time.n.08 EQU now
p40/d2079,Tom will be absent today because he has a cold.,will,will,,,,,Y,,Y,EXPLANATION;TSU,"male.n.02 Name ""Tom"" time.n.08 TSU now absent.a.01 AttributeOf -2 Time -1 Time +1 time.n.08 TIN +1 day.n.03 TCT now EXPLANATION <1 male.n.02 ANA -5 have.v.16 Experiencer -1 Time +1 Stimulus +2 time.n.08 EQU now cold.n.01"
p13/d3486,She can speak Spanish well.,can,can,,,Y,,,,,POSSIBILITY,female.n.02 POSSIBILITY <1 speak.v.03 Agent -1 Theme +1 Manner +2 spanish.n.01 well.r.01
p38/d1448,I must have my watch repaired.,must,must,,,,Y,Y,,,NECESSITY;TSU,person.n.01 EQU speaker NECESSITY <1 time.n.08 TSU now person.n.01 EQU speaker watch.n.01 User -1 repair.v.01 Beneficiary -4 Time -3 Patient -1
p65/d1491,Tom asked Mary if he could kiss her.,could,could,,,Y,,,,Y,CONTINUATION;POSSIBILITY,"male.n.02 Name ""Tom"" ask.v.02 Proposition >1 Agent -1 Time +1 Recipient +2 time.n.08 TPR now female.n.02 Name ""Mary"" CONTINUATION <0 male.n.02 ANA -4 POSSIBILITY <1 kiss.v.01 Agent -1 Co-Agent +1 female.n.02 ANA -3"
p00/d0839,He can swim.,can,can,,,Y,,,,,POSSIBILITY,male.n.02 POSSIBILITY <1 swim.v.01 Theme -1 Time +1 time.n.08 EQU now
p07/d2229,If you eat that you will die.,will,will,,,,,Y,,Y,CONSEQUENCE;TSU,person.n.01 EQU hearer eat.v.01 Agent -1 Time +1 Patient +2 time.n.08 EQU now entity.n.01 CONSEQUENCE <1 person.n.01 EQU hearer time.n.08 TSU now die.v.01 Patient -2 Time -1
p46/d2256,We'll hide in Egypt.,'ll,will,,,,,Y,,,TSU,"person.n.01 Sub speaker time.n.08 TSU now hide.v.02 Agent -2 Time -1 Location +1 country.n.02 Name ""Egypt"""
p08/d1911,If you need an umbrella I'll lend you one.,'ll,will,,,,,Y,,Y,CONSEQUENCE;TSU,person.n.01 EQU hearer need.v.02 Pivot -1 Time +1 Theme +2 time.n.08 EQU now umbrella.n.01 CONSEQUENCE <1 person.n.01 EQU speaker time.n.08 TSU now lend.v.02 Agent -2 Time -1 Recipient +1 Theme +2 person.n.01 EQU hearer umbrella.n.01
p10/d2163,I may have met her somewhere.,may,may,,,Y,,,,,POSSIBILITY,person.n.01 EQU speaker POSSIBILITY <1 meet.v.01 Theme -1 Time +1 Co-Theme +2 Location +3 time.n.08 TPR now female.n.02 location.n.01
p67/d0954,I can't stand noisy children.,ca,can,neg,,Y,,,Y,,NEGATION;POSSIBILITY,person.n.01 EQU speaker NEGATION <1 POSSIBILITY <1 stand.v.05 Experiencer -1 Stimulus +2 noisy.a.01 AttributeOf +1 child.n.01
p92/d2088,"If you are honest, I will hire you.",will,will,,,,,Y,,Y,CONSEQUENCE;TSU,person.n.01 EQU hearer time.n.08 EQU now honest.a.03 AttributeOf -2 Time -1 CONSEQUENCE <1 person.n.01 EQU speaker time.n.08 TSU now hire.v.01 Agent -2 Time -1 Theme +1 person.n.01 EQU hearer
p86/d1952,Nancy couldn't move the desk herself.,could,could,neg,,Y,,,Y,,NEGATION;POSSIBILITY,"female.n.02 Name ""Nancy"" NEGATION <1 POSSIBILITY <1 move.v.02 Agent -1 Theme +1 desk.n.01 female.n.02 EQU -3"
p47/d0807,It will cost more than ten thousand yen.,will,will,,,,,Y,,,TSU,entity.n.01 time.n.08 TSU now cost.v.01 Theme -2 Time -1 Value +3 quantity.n.01 MOR +1 quantity.n.01 EQU 10000 yen.n.02 Quantity -2
p28/d2107,He will pay 20 dollars at most.,will,will,,,,,Y,,,TSU,male.n.02 time.n.08 TSU now pay.v.01 Agent -2 Time -1 Asset +1 dollar.n.01 Quantity +1 quantity.n.01 TOP +1 quantity.n.01 EQU 20
p90/d2490,You can't run away.,ca,can,neg,,Y,,,Y,,NEGATION;POSSIBILITY,person.n.01 EQU hearer NEGATION <1 POSSIBILITY <1 run_away.v.01 Theme -1
p97/d0827,The government should do away with these regulations.,should,should,,,,Y,,,,NECESSITY,government.n.01 NECESSITY <1 do_away_with.v.01 Agent -1 Theme +1 regulation.n.01
p57/d2621,You can't go now.,ca,can,neg,,Y,,,Y,,NEGATION;POSSIBILITY,person.n.01 EQU hearer NEGATION <1 POSSIBILITY <1 go.v.03 Theme -1 Time +1 time.n.08 EQU now
p20/d0783,Mary can speak Japanese.,can,can,,,Y,,,,,POSSIBILITY,"female.n.02 Name ""Mary"" POSSIBILITY <1 speak.v.03 Agent -1 Theme +1 japanese.n.02"
p49/d1681,"On September 3rd, I will go from Los Angeles to Seoul with a friend.",will,will,,,,,Y,,,TSU,"time.n.08 MonthOfYear 9 EQU +1 time.n.08 DayOfMonth 3 person.n.01 EQU speaker time.n.08 TSU now go.v.01 Time -3 Theme -2 Time -1 Source +1 Destination +2 Co-Theme +3 city.n.01 Name ""Los Angeles"" city.n.01 Name ""Seoul"" person.n.01 Role +1 friend.n.01"
p97/d2491,The front door won't open.,wo,will,neg,,,,Y,Y,,NEGATION;TSU,front_door.n.01 NEGATION <1 time.n.08 TSU now open.v.01 Patient -2 Time -1
p95/d2007,This won't happen again.,wo,will,neg,,,,Y,Y,,NEGATION;TSU,entity.n.01 NEGATION <1 time.n.08 TSU now happen.v.01 Theme -2 Time -1
p00/d2803,My son will take over the job.,will,will,,,,,Y,,,TSU,person.n.01 EQU speaker person.n.01 Role +1 son.n.01 Of -2 time.n.08 TSU now take_over.v.03 Agent -3 Time -1 Theme +1 job.n.02
p04/d2212,It'll be hard.,'ll,will,,,,,Y,,,TSU,entity.n.01 time.n.08 TSU now hard.a.01 AttributeOf -2 Time -1
p80/d1632,"If he is proficient in English, I'll employ him.",'ll,will,,,,,Y,,Y,CONSEQUENCE;TSU,male.n.02 time.n.08 EQU now proficient.a.02 AttributeOf -2 Time -1 Theme +1 english.n.01 CONSEQUENCE <1 person.n.01 EQU speaker time.n.08 TSU now employ.v.02 Agent -2 Time -1 Theme +1 male.n.02 ANA -7
p55/d1467,My father will be forty-five in May.,will,will,,,,,Y,,,TSU,person.n.01 EQU speaker person.n.01 Role +1 father.n.01 Of -2 time.n.08 TSU now old.a.01 AttributeOf -3 Time -1 Value +1 Time +3 measure.n.02 Quantity 45 Unit +1 year.n.01 time.n.08 MonthOfYear 5
p79/d0205,"If you sing, we'll sing with you.",'ll,will,,,,,Y,,Y,CONSEQUENCE;TSU,person.n.01 EQU hearer sing.v.02 Agent -1 Time +1 time.n.08 EQU now CONSEQUENCE <1 person.n.01 Sub speaker time.n.08 TSU now sing.v.02 Agent -2 Time -1 Co-Agent +1 person.n.01 EQU hearer
p10/d2171,One cannot not communicate.,can,can,neg,,Y,,,Y,,NEGATION;POSSIBILITY,NEGATION <1 person.n.01 NEGATION <1 NEGATION <1 POSSIBILITY <1 NEGATION <1 communicate.v.01 Agent -1
p21/d1940,Nowadays anybody can get books.,can,can,,,Y,,,Y,,NEGATION;POSSIBILITY,NEGATION <1 person.n.01 NEGATION <1 POSSIBILITY <1 time.n.08 EQU now get.v.01 Pivot -2 Time -1 Theme +1 book.n.02
p78/d2364,I can't swim at all.,ca,can,neg,,Y,,,Y,,NEGATION;POSSIBILITY,person.n.01 EQU speaker NEGATION <1 POSSIBILITY <1 swim.v.01 Theme -1
p26/d2575,I know you can do this.,can,can,,,Y,,,,Y,CONTINUATION;POSSIBILITY,person.n.01 EQU speaker know.v.01 Proposition >1 Experiencer -1 Time +1 time.n.08 EQU now CONTINUATION <0 person.n.01 EQU hearer POSSIBILITY <1 do.v.02 Agent -1 Theme +1 entity.n.01
p27/d2246,I will be sixteen in May.,will,will,,,,,Y,,,TSU,person.n.01 EQU speaker time.n.08 TSU now old.a.01 AttributeOf -2 Time -1 Value +1 Time +3 measure.n.02 Quantity 16 Unit +1 year.n.01 time.n.08 MonthOfYear 5
p01/d2506,The wedding will take place on Saturday.,will,will,,,,,Y,,,TSU,wedding.n.01 time.n.08 TSU now take_place.v.01 Theme -2 Time -1 EQU +1 Time +2 entity.n.01 time.n.08 DayOfWeek saturday
p21/d0947,We will visit you.,will,will,,,,,Y,,,TSU,person.n.01 Sub speaker time.n.08 TSU now visit.v.07 Agent -2 Time -1 Co-Agent +1 person.n.01 EQU hearer
p56/d2649,I can't squeeze this orange. It's dry.,ca,can,neg,,Y,,,Y,Y,CONTINUATION;NEGATION;POSSIBILITY,person.n.01 EQU speaker NEGATION <1 POSSIBILITY <1 squeeze.v.01 Agent -1 Material +1 orange.n.01 CONTINUATION <1 entity.n.01 time.n.08 EQU now dry.a.01 Theme -2 Time -1
p90/d3065,I cannot wipe the table. I don't have a cloth.,can,can,neg,,Y,,,Y,Y,CONTINUATION;NEGATION;POSSIBILITY,person.n.01 EQU speaker NEGATION <1 POSSIBILITY <1 wipe.v.01 Agent -1 Source +1 table.n.02 CONTINUATION <1 person.n.01 EQU speaker NEGATION <1 time.n.08 EQU now have.v.04 Pivot -2 Time -1 Theme +1 cloth.n.01
p62/d3253,I can't stretch my right arm.,ca,can,neg,,Y,,,Y,,NEGATION;POSSIBILITY,person.n.01 EQU speaker NEGATION <1 POSSIBILITY <1 stretch.v.02 Agent -1 Patient +3 person.n.01 EQU speaker right.a.01 AttributeOf +1 arm.n.01 PartOf -2
p00/d0955,If you don't like it then you can quit.,can,can,,,Y,,,Y,Y,CONSEQUENCE;NEGATION;POSSIBILITY,person.n.01 EQU hearer time.n.08 EQU now NEGATION <1 like.v.02 Experiencer -2 Time -1 Stimulus +1 entity.n.01 CONSEQUENCE <2 person.n.01 EQU hearer POSSIBILITY <1 quit.v.01 Agent -1
p03/d3285,"If you need money, I'll lend you some.",'ll,will,,,,,Y,,Y,CONSEQUENCE;TSU,person.n.01 EQU hearer need.v.02 Pivot -1 Time +1 Theme +2 time.n.08 EQU now money.n.01 CONSEQUENCE <1 person.n.01 EQU speaker time.n.08 TSU now lend.v.02 Agent -2 Time -1 Recipient +1 Theme +2 person.n.01 EQU hearer money.n.01
p72/d2036,I'll escort you.,'ll,will,,,,,Y,,,TSU,person.n.01 EQU speaker time.n.08 TSU now escort.v.01 Agent -2 Time -1 Theme +1 person.n.01 EQU hearer
p77/d1760,I'll call you in the evening.,'ll,will,,,,,Y,,,TSU,person.n.01 EQU speaker time.n.08 TSU now call.v.03 Agent -2 Time -1 Theme +1 Time +2 person.n.01 EQU hearer evening.n.01
p76/d2237,I wish you could've come with us.,could,could,,,Y,,,,Y,CONTINUATION;POSSIBILITY,person.n.01 EQU hearer POSSIBILITY <1 come.v.01 Theme -1 Time +1 time.n.08 TPR now CONTINUATION <0 person.n.01 EQU speaker wish.v.01 Proposition <2 Experiencer -1 Time +1 Co-Theme +2 time.n.08 EQU now person.n.01 Sub speaker
p00/d2718,Tom can't speak French. Tom can't speak Spanish either.,ca,can,neg,,Y,,,Y,Y,CONTINUATION;NEGATION;POSSIBILITY,"male.n.02 Name ""Tom"" NEGATION <1 POSSIBILITY <1 speak.v.03 Agent -1 Theme +1 french.n.01 CONTINUATION <1 male.n.02 Name ""Tom"" NEGATION <1 POSSIBILITY <1 speak.v.03 Agent -1 Theme +1 spanish.n.01"
p00/d2718,Tom can't speak French. Tom can't speak Spanish either.,ca,can,neg,,Y,,,Y,Y,CONTINUATION;NEGATION;POSSIBILITY,"male.n.02 Name ""Tom"" NEGATION <1 POSSIBILITY <1 speak.v.03 Agent -1 Theme +1 french.n.01 CONTINUATION <1 male.n.02 Name ""Tom"" NEGATION <1 POSSIBILITY <1 speak.v.03 Agent -1 Theme +1 spanish.n.01"
p31/d0922,I cannot fix the computer.,can,can,neg,,Y,,,Y,,NEGATION;POSSIBILITY,person.n.01 EQU speaker NEGATION <1 POSSIBILITY <1 fix.v.01 Agent -1 Patient +1 computer.n.01
p19/d3343,He must be at least 35 years old.,must,must,,,,Y,,,,NECESSITY,male.n.02 NECESSITY <1 quantity.n.01 BOT +1 quantity.n.01 EQU 35 year.n.01 Quantity -2 age.n.01 Theme -4 Value -1
p07/d3318,The concert starts at seven. We must not be late.,must,must,neg,,,Y,Y,Y,Y,CONTINUATION;NECESSITY;NEGATION;TSU,concert.n.01 start.v.02 Theme -1 Time +1 Time +2 time.n.08 TSU now time.n.08 ClockTime 19:00 CONTINUATION <1 person.n.01 Sub speaker NECESSITY <1 NEGATION <1 late.a.01 AttributeOf -1
p31/d1966,I'll pick you up at six.,'ll,will,,,,,Y,,,TSU,person.n.01 EQU speaker time.n.08 TSU now pick_up.v.03 Agent -2 Time -1 Theme +1 Time +2 person.n.01 EQU hearer time.n.08 ClockTime 18:00
p72/d0129,"If you had a time machine, where would you go?",would,would,,,,,Y,,Y,CONSEQUENCE;TSU,person.n.01 EQU hearer have.v.01 Experiencer -1 Time +1 Stimulus +2 time.n.08 TPR now time_machine.n.01 CONSEQUENCE <1 location.n.01 Name ? time.n.08 TSU now person.n.01 EQU hearer go.v.01 Location -3 Time -2 Theme -1
p20/d1678,We'll meet at the station at nine o'clock.,'ll,will,,,,,Y,,,TSU,person.n.01 Sub speaker time.n.08 TSU now meet.v.02 Agent -2 Time -1 Location +1 Time +2 station.n.01 time.n.08 ClockTime 09:00
p19/d1872,The report may be exaggerated.,may,may,,,Y,,,,,POSSIBILITY,report.n.01 POSSIBILITY <1 time.n.08 EQU now exaggerated.a.01 AttributeOf -2 Time -1
p26/d2348,She may spill the beans.,may,may,,,Y,,,,,POSSIBILITY,female.n.02 POSSIBILITY <1 spill.v.05 Agent -1 Topic +1 secret.n.01
p10/d1403,Tom won't speak to Mary.,wo,will,neg,,,,Y,Y,,NEGATION;TSU,"male.n.02 Name ""Tom"" NEGATION <1 time.n.08 TSU now speak.v.02 Agent -2 Time -1 Co-Agent +1 female.n.02 Name ""Mary"""
p80/d3226,Can I use this dictionary?,Can,can,,,Y,,,,,POSSIBILITY,POSSIBILITY <1 person.n.01 EQU speaker use.v.01 Agent -1 Theme +1 dictionary.n.01
p15/d0826,We should abolish the death penalty.,should,should,,,,Y,,,,NECESSITY,person.n.01 Sub speaker NECESSITY <1 abolish.v.01 Agent -1 Theme +1 death_penalty.n.01
p26/d2171,Anne will not come to our party.,will,will,neg,,,,Y,Y,,NEGATION;TSU,"female.n.02 Name ""Anne"" NEGATION <1 time.n.08 TSU now come.v.02 Theme -2 Time -1 Destination +2 person.n.01 Sub speaker party.n.04 Creator -1"
p13/d0907,He can play a flute.,can,can,,,Y,,,,,POSSIBILITY,male.n.02 POSSIBILITY <1 play.v.07 Agent -1 Theme +1 flute.n.01
p69/d0797,I will give you this book.,will,will,,,,,Y,,,TSU,person.n.01 EQU speaker time.n.08 TSU now give.v.03 Agent -2 Time -1 Recipient +1 Theme +2 person.n.01 EQU hearer book.n.02
p22/d2839,You can buy it for a thousand yen or so.,can,can,,,Y,,,,,POSSIBILITY,person.n.01 EQU hearer POSSIBILITY <1 buy.v.01 Agent -1 Theme +1 Asset +2 entity.n.01 yen.n.02 Quantity +1 quantity.n.01 APX 1000
p13/d3174,The soup is so hot I can't drink it.,ca,can,neg,,Y,,,Y,Y,NEGATION;POSSIBILITY;RESULT,soup.n.01 time.n.08 EQU now hot.a.01 Time -1 Value + AttributeOf -2 RESULT <1 person.n.01 EQU speaker NEGATION <1 POSSIBILITY <1 drink.v.01 Agent -1 Patient +1 entity.n.01 ANA -5
p00/d0827,I'll buy a new one.,'ll,will,,,,,Y,,,TSU,person.n.01 EQU speaker time.n.08 TSU now buy.v.01 Agent -2 Time -1 Theme +2 new.a.05 AttributeOf +1 entity.n.01
p50/d1585,The drunken man couldn't walk straight.,could,could,neg,,Y,,,Y,,NEGATION;POSSIBILITY,drunken.a.01 AttributeOf +1 man.n.01 NEGATION <1 POSSIBILITY <1 walk.v.01 Theme -1 Manner +1 straight.r.03
p25/d2538,I should learn French.,should,should,,,,Y,,,,NECESSITY,person.n.01 EQU speaker NECESSITY <1 learn.v.01 Agent -1 Theme +1 french.n.01
p19/d2841,I haven't decided yet whether I will attend the party.,will,will,,,,,Y,Y,Y,CONTINUATION;NEGATION;TSU,person.n.01 EQU speaker NEGATION <1 decide.v.01 Proposition >1 Agent -1 Time +1 time.n.08 TPR now CONTINUATION <0 person.n.01 EQU speaker time.n.08 TSU now attend.v.01 Agent -2 Time -1 Theme +1 party.n.04
p80/d2720,We must destroy the evidence.,must,must,,,,Y,,,,NECESSITY,person.n.01 Sub speaker NECESSITY <1 destroy.v.01 Agent -1 Patient +1 evidence.n.02
p08/d1655,We won't tolerate any looting.,wo,will,neg,,,,Y,Y,,NEGATION;TSU,person.n.01 Sub speaker NEGATION <1 time.n.08 TSU now tolerate.v.04 Agent -2 Time -1 Theme +1 looting.n.01
p09/d1743,They will not eat meat.,will,will,neg,,,,Y,Y,,NEGATION;TSU,person.n.01 NEGATION <1 time.n.08 TSU now eat.v.01 Agent -2 Time -1 Patient +1 meat.n.01
p17/d1913,We will sharpen the knives.,will,will,,,,,Y,,,TSU,person.n.01 Sub speaker time.n.08 TSU now sharpen.v.01 Agent -2 Time -1 Patient +1 knife.n.01
p10/d2242,I can prove it to you.,can,can,,,Y,,,,,POSSIBILITY,person.n.01 EQU speaker POSSIBILITY <1 prove.v.02 Agent -1 Topic +1 Recipient +2 entity.n.01 person.n.01 EQU hearer
p65/d3068,Tom thinks that Mary will leave.,will,will,,,,,Y,,Y,CONTINUATION;TSU,"male.n.02 Name ""Tom"" think.v.02 Proposition >1 Agent -1 Time +1 time.n.08 EQU now CONTINUATION <0 female.n.02 Name ""Mary"" time.n.08 TSU now leave.v.01 Theme -2 Time -1"
p04/d2980,Tom will meet Mary somewhere in Boston.,will,will,,,,,Y,,,TSU,"male.n.02 Name ""Tom"" time.n.08 TSU now meet.v.02 Theme -2 Time -1 Co-Theme +1 Location +2 female.n.02 Name ""Mary"" location.n.01 PartOf +1 city.n.01 Name ""Boston"""
p79/d3267,"Tom can speak French, too.",can,can,,,Y,,,,,POSSIBILITY,"male.n.02 Name ""Tom"" POSSIBILITY <1 speak.v.03 Agent -1 Theme +1 french.n.01"
p77/d2171,Tom will hear you.,will,will,,,,,Y,,,TSU,"male.n.02 Name ""Tom"" time.n.08 TSU now hear.v.01 Experiencer -2 Time -1 Stimulus +1 person.n.01 EQU hearer"
p74/d3061,I cannot phone Marika. She lives in Finland!,can,can,neg,,Y,,,Y,Y,CONTINUATION;NEGATION;POSSIBILITY,"person.n.01 EQU speaker NEGATION <1 POSSIBILITY <1 phone.v.01 Agent -1 Theme +1 female.n.02 Name ""Marika"" CONTINUATION <1 female.n.02 live.v.01 Theme -1 Time +1 Location +2 time.n.08 EQU now country.n.02 Name ""Finland"""
p08/d3145,We'll arrive in three hours if we drive.,'ll,will,,,,,Y,,Y,PRECONDITION;TSU,person.n.01 Sub speaker time.n.08 TSU now arrive.v.01 Theme -2 Time -1 Duration +2 quantity.n.01 EQU 3 hour.n.01 Quantity -1 PRECONDITION <1 person.n.01 Sub speaker drive.v.02 Theme -1 Time +1 time.n.08 EQU now
p94/d3279,I can't speak English at all.,ca,can,neg,,Y,,,Y,,NEGATION;POSSIBILITY,person.n.01 EQU speaker NEGATION <1 POSSIBILITY <1 speak.v.03 Agent -1 Theme +1 english.n.01
p54/d1578,He can't buy himself a car.,ca,can,neg,,Y,,,Y,,NEGATION;POSSIBILITY,male.n.02 NEGATION <1 POSSIBILITY <1 buy.v.01 Agent -1 Theme +1 Beneficiary +2 male.n.02 ANA -2 car.n.01
p79/d2109,You'll regret it someday.,'ll,will,,,,,Y,,,TSU,person.n.01 EQU hearer time.n.08 TSU now regret.v.01 Experiencer -2 Time -1 Stimulus +1 Time +2 entity.n.01 time.n.08 TSU now
p86/d3347,We'll cook.,'ll,will,,,,,Y,,,TSU,person.n.01 Sub speaker time.n.08 TSU now cook.v.01 Agent -2 Time -1
p01/d1760,I'll put it somewhere safe.,'ll,will,,,,,Y,,,TSU,person.n.01 EQU speaker time.n.08 TSU now put.v.01 Agent -2 Time -1 Theme +1 Location +2 entity.n.01 location.n.01 safe.a.01 AttributeOf -1
p30/d2886,We'll wait for Tom in the lobby.,'ll,will,,,,,Y,,,TSU,"person.n.01 Sub speaker time.n.08 TSU now wait.v.01 Theme -2 Time -1 Goal +1 Location +2 male.n.02 Name ""Tom"" lobby.n.01"
p02/d2787,Who could've broken the fishbowl?,could,could,,,Y,,,,,POSSIBILITY,person.n.01 Name ? POSSIBILITY <1 break.v.02 Agent -1 Time +1 Patient +2 time.n.08 TPR now fishbowl.n.02
p76/d3097,"If the phone rings again, I will ignore it.",will,will,,,,,Y,,Y,CONSEQUENCE;TSU,phone.n.01 ring.v.01 Theme -1 Time +1 time.n.08 EQU now CONSEQUENCE <1 person.n.01 EQU speaker time.n.08 TSU now ignore.v.02 Agent -2 Time -1 Theme +1 entity.n.01 ANA -6
p21/d3057,"According to Tom's will, Mary will inherit his entire estate.",will,will,,,,,Y,,Y,CONTINUATION;TSU,"according.a.02 Proposition >1 Source +2 male.n.02 Name ""Tom"" will.n.03 Creator -1 CONTINUATION <0 female.n.02 Name ""Mary"" time.n.08 TSU now inherit.v.01 Agent -2 Time -1 Theme +3 male.n.02 ANA -5 entire.a.01 AttributeOf +1 estate.n.01 User -2"
p07/d2052,This medicine will soothe your headache.,will,will,,,,,Y,,,TSU,medicine.n.02 time.n.08 TSU now soothe.v.02 Causer -2 Time -1 Patient +2 person.n.01 EQU hearer headache.n.02 Affectee -1
p48/d3332,Tom will go as well.,will,will,,,,,Y,,,TSU,"male.n.02 Name ""Tom"" time.n.08 TSU now go.v.03 Theme -2 Time -1"
p58/d1625,In clear weather one can see Mount Fuji from here.,can,can,,,Y,,,,,POSSIBILITY,"person.n.01 POSSIBILITY <1 clear.a.01 AttributeOf +1 weather.n.01 see.v.01 Experiencer -3 Theme -1 Stimulus +1 Source +3 mountain.n.01 Name ""Mount Fuji"" entity.n.01 location.v.01 Theme -1"
p08/d1402,May I go to the restroom?,May,may,,,Y,,,,,POSSIBILITY,POSSIBILITY <1 person.n.01 EQU speaker go.v.01 Theme -1 Destination +1 restroom.n.01
p09/d3005,He can play the guitar.,can,can,,,Y,,,,,POSSIBILITY,male.n.02 POSSIBILITY <1 play.v.03 Agent -1 Theme +1 guitar.n.01
p12/d2819,I might vote for Tom.,might,might,,,Y,,,,,POSSIBILITY,"person.n.01 EQU speaker POSSIBILITY <1 vote.v.01 Agent -1 Theme +1 male.n.02 Name ""Tom"""
p00/d3079,I'll miss you too.,'ll,will,,,,,Y,,,TSU,person.n.01 EQU speaker time.n.08 TSU now miss.v.02 Experiencer -2 Time -1 Stimulus +1 person.n.01 EQU hearer
p37/d3145,This hotel can accommodate 500 guests.,can,can,,,Y,,,,,POSSIBILITY,hotel.n.01 POSSIBILITY <1 accommodate.v.04 Theme -1 Value +2 quantity.n.01 EQU 500 person.n.01 Quantity -1 Role +1 guest.n.01
p17/d1724,"If you flatter him, he'll do anything.",'ll,will,,,,,Y,Y,Y,CONSEQUENCE;NEGATION;TSU,person.n.01 EQU hearer flatter.v.01 Agent -1 Time +1 Patient +2 time.n.08 EQU now male.n.02 CONSEQUENCE <1 male.n.02 ANA -1 NEGATION <1 entity.n.01 NEGATION <1 time.n.08 TSU now do.v.01 Agent -3 Theme -2 Time -1
p19/d0172,Can you tell me where the flea market is?,Can,can,,,Y,,,,Y,CONTINUATION;POSSIBILITY,POSSIBILITY <1 person.n.01 EQU hearer tell.v.02 Proposition >1 Agent -1 Recipient +1 person.n.01 EQU speaker CONTINUATION <0 location.n.01 EQU ? flea_market.n.01 be.v.03 Location -2 Theme -1 Time +1 time.n.08 EQU now
p60/d1940,This expedition will be expensive.,will,will,,,,,Y,,,TSU,expedition.n.02 time.n.08 TSU now expensive.a.01 AttributeOf -2 Time -1
p51/d3289,We will meet again someday.,will,will,,,,,Y,,,TSU,person.n.01 Sub speaker time.n.08 TSU now meet.v.01 Agent -2 Time -1 Time +1 time.n.08 TSU now
p10/d1950,I cannot speak German.,can,can,neg,,Y,,,Y,,NEGATION;POSSIBILITY,person.n.01 EQU speaker NEGATION <1 POSSIBILITY <1 speak.v.03 Agent -1 Theme +1 german.n.02
p26/d3340,"If you take this medicine, the stomach ache will be healed.",will,will,,,,,Y,,Y,CONSEQUENCE;TSU,person.n.01 EQU hearer take.v.18 Agent -1 Time +1 Patient +2 time.n.08 EQU now medicine.n.02 CONSEQUENCE <1 stomach_ache.n.01 time.n.08 TSU now heal.v.03 Patient -2 Time -1
p95/d0760,New elections in Côte d'Ivoire will take place on July 14.,will,will,,,,,Y,,,TSU,"new.a.05 AttributeOf +1 election.n.01 Location +1 country.n.02 Name ""Côte d'Ivoire"" time.n.08 TSU now take_place.v.01 Theme -3 Time -1 EQU +1 Time +3 entity.n.01 time.n.08 MonthOfYear 7 EQU +1 time.n.08 DayOfMonth 14"
p69/d2641,I cannot speak Japanese.,can,can,neg,,Y,,,Y,,NEGATION;POSSIBILITY,person.n.01 EQU speaker NEGATION <1 POSSIBILITY <1 speak.v.03 Agent -1 Theme +1 japanese.n.02
p08/d2966,Everybody will die.,will,will,,,,,Y,Y,,NEGATION;TSU,NEGATION <1 person.n.01 NEGATION <1 time.n.08 TSU now die.v.01 Patient -2 Time -1
p98/d2796,We'll be there at half past two.,'ll,will,,,,,Y,,,TSU,person.n.01 Sub speaker time.n.08 TSU now be.v.03 Theme -2 Time -1 Location +1 Time +2 location.n.01 time.n.08 ClockTime 14:30
p34/d1995,I promise I won't tell anyone where you are.,wo,will,neg,,,,Y,Y,Y,CONTINUATION;NEGATION;TSU,person.n.01 EQU speaker promise.v.01 Proposition >1 Agent -1 CONTINUATION <0 person.n.01 EQU speaker time.n.08 TSU now NEGATION <1 tell.v.02 Time -1 Proposition >1 Agent -2 Recipient +1 person.n.01 CONTINUATION <0 location.n.01 EQU ? person.n.01 EQU hearer be.v.03 Location -2 Theme -1 Time +1 time.n.08 EQU now
p00/d1936,My watch may be one or two minutes fast.,may,may,,,Y,,,Y,,NEGATION;POSSIBILITY,person.n.01 EQU speaker watch.n.01 User -1 POSSIBILITY <1 entity.n.01 fast.a.02 Theme -2 Value -1 NEGATION <1 NEGATION <1 quantity.n.01 EQU 1 minute.n.01 EQU -3 Quantity -1 NEGATION <2 quantity.n.01 EQU 2 minute.n.01 EQU -5 Quantity -1
p28/d2980,She will pay 50 dollars at most.,will,will,,,,,Y,,,TSU,female.n.02 time.n.08 TSU now pay.v.01 Agent -2 Time -1 Asset +1 dollar.n.01 Quantity +1 quantity.n.01 TOP +1 quantity.n.01 EQU 50
p76/d1796,I'll see him next Friday.,'ll,will,,,,,Y,,,TSU,person.n.01 EQU speaker time.n.08 TSU now see.v.08 Agent -2 Time -1 Co-Agent +1 Theme +2 male.n.02 time.n.08 DayOfWeek friday
p10/d0895,"According to the radio, it will rain tomorrow.",will,will,,,,,Y,,Y,CONTINUATION;TSU,according.a.02 Proposition >1 Source +1 radio.n.01 CONTINUATION <0 entity.n.01 time.n.08 TSU now rain.v.01 EQU -2 Time -1 Time +1 time.n.08 TIN +2 day.n.03 TCT now TAB +1 day.n.03
p71/d0344,This will cost 30 €.,will,will,,,,,Y,,,TSU,entity.n.01 time.n.08 TSU now cost.v.01 Theme -2 Time -1 Value +2 quantity.n.01 EQU 30 euro.n.01 Quantity -1
p03/d1650,I am sure that he will succeed.,will,will,,,,,Y,,Y,CONTINUATION;TSU,person.n.01 EQU speaker time.n.08 EQU now sure.a.01 Time -1 Proposition >1 Experiencer -2 CONTINUATION <0 male.n.02 time.n.08 TSU now succeed.v.01 Agent -2 Time -1
p42/d0945,I'll eat the apple.,'ll,will,,,,,Y,,,TSU,person.n.01 EQU speaker time.n.08 TSU now eat.v.01 Agent -2 Time -1 Patient +1 apple.n.01
p80/d2741,I'd like a piña colada.,'d,would,,,,,Y,,,TSU,person.n.01 EQU speaker time.n.08 TSU now like.v.05 Pivot -2 Time -1 Theme +1 pina_colada.n.01
p52/d0782,"If I were a boy, I could join a baseball team.",could,could,,,Y,,,,Y,CONSEQUENCE;POSSIBILITY,person.n.01 EQU speaker be.v.01 Theme -1 Time +1 Co-Theme +2 time.n.08 TPR now boy.n.01 CONSEQUENCE <1 person.n.01 EQU speaker POSSIBILITY <1 join.v.01 Agent -1 Theme +1 baseball_team.n.01
p21/d2155,We must replace this moth-eaten carpet.,must,must,,,,Y,,,,NECESSITY,person.n.01 Sub speaker NECESSITY <1 replace.v.01 Agent -1 Theme +2 moth-eaten.a.01 AttributeOf +1 carpet.n.01
p36/d2856,The government should do away with those old regulations.,should,should,,,,Y,,,,NECESSITY,government.n.01 NECESSITY <1 do_away_with.v.01 Agent -1 Theme +2 old.a.02 AttributeOf +1 regulation.n.01
p80/d2303,They will be arriving by train at eleven.,will,will,,,,,Y,,,TSU,person.n.01 time.n.08 TSU now arrive.v.01 Theme -2 Time -1 Instrument +1 Time +2 train.n.01 time.n.08 ClockTime 11:00
p19/d3140,You cannot tame a wolf.,can,can,neg,,Y,,,Y,,NEGATION;POSSIBILITY,NEGATION <1 person.n.01 NEGATION <1 NEGATION <1 POSSIBILITY <1 tame.v.04 Agent -1 Patient +1 wolf.n.01
p09/d1669,We must fuel the machine.,must,must,,,,Y,,,,NECESSITY,person.n.01 Sub speaker NECESSITY <1 fuel.v.01 Agent -1 Destination +1 machine.n.01
p55/d2671,He can bend an iron rod with his hands.,can,can,,,Y,,,,,POSSIBILITY,male.n.02 POSSIBILITY <1 bend.v.03 Agent -1 Theme +2 Instrument +4 iron.a.01 AttributeOf +1 rod.n.01 male.n.02 ANA -4 hand.n.01 PartOf -1
p13/d1573,Dinner will be ready by six-thirty.,will,will,,,,,Y,,,TSU,dinner.n.01 time.n.08 TSU now ready.a.01 Theme -2 Time -1 Time +1 time.n.08 ClockTime 18:30
p58/d3291,This hall will hold two thousand people.,will,will,,,,,Y,,,TSU,hall.n.03 time.n.08 TSU now hold.v.12 Location -2 Time -1 Time +1 Value +3 time.n.08 EQU now quantity.n.01 EQU 2000 person.n.01 Quantity -1
p45/d2491,An empathetic girl can empathize with a friend's feelings.,can,can,,,Y,,,,,POSSIBILITY,empathetic.a.01 AttributeOf +1 girl.n.01 POSSIBILITY <1 empathize.v.01 Experiencer -1 Stimulus +3 person.n.01 Role +1 friend.n.01 feeling.n.01 Creator -2
p02/d0136,Tom asks his mother if she can but him a new toy.,can,can,,,Y,,,,Y,CONTINUATION;POSSIBILITY,"male.n.02 Name ""Tom"" ask.v.02 Proposition >1 Agent -1 Time +1 Recipient +3 time.n.08 EQU now male.n.02 ANA -3 person.n.01 Role +1 mother.n.01 Of -2 CONTINUATION <0 female.n.02 POSSIBILITY <1 buy.v.01 Agent -1 Beneficiary +1 Theme +3 male.n.02 ANA -8 new.a.01 AttributeOf +1 toy.n.01"
p89/d3142,Who will foot the bill?,will,will,,,,,Y,,,TSU,person.n.01 Name ? time.n.08 TSU now foot.v.01 Agent -2 Time -1 Theme +1 bill.n.02
p00/d3036,I'll hang my coat up behind the door.,'ll,will,,,,,Y,,,TSU,person.n.01 EQU speaker time.n.08 TSU now hang_up.v.02 Agent -2 Time -1 Theme +2 Destination +3 person.n.01 EQU speaker coat.n.01 User -1 location.n.01 SXP +1 door.n.01
p25/d2019,The train will arrive at ten o'clock.,will,will,,,,,Y,,,TSU,train.n.01 time.n.08 TSU now arrive.v.01 Theme -2 Time -1 Time +1 time.n.08 ClockTime 10:00
p40/d2392,This book is so difficult that I can't read it.,ca,can,neg,,Y,,,Y,Y,NEGATION;POSSIBILITY;RESULT,book.n.01 time.n.08 EQU now difficult.a.01 AttributeOf -2 Time -1 RESULT <1 person.n.01 EQU speaker NEGATION <1 POSSIBILITY <1 read.v.01 Experiencer -1 Stimulus +1 entity.n.01 ANA -5
p10/d1953,We expect that he will pass the examination.,will,will,,,,,Y,,Y,CONTINUATION;TSU,person.n.01 Sub speaker expect.v.01 Proposition >1 Agent -1 Time +1 time.n.08 EQU now CONTINUATION <0 male.n.02 time.n.08 TSU now pass.v.14 Agent -2 Time -1 Theme +1 examination.n.02
p70/d3207,We should drink 64 ounces of fluids a day.,should,should,,,,Y,,Y,,NECESSITY;NEGATION,NEGATION <1 day.n.01 NEGATION <1 person.n.01 Sub speaker NECESSITY <1 drink.v.01 Time -2 Agent -1 Patient +3 quantity.n.01 EQU 64 ounce.n.01 Quantity -1 entity.n.01 Sub -1 Sub +1 fluid.n.01
p18/d1959,Tom wondered if Mary could speak French.,could,could,,,Y,,,,Y,CONTINUATION;POSSIBILITY,"male.n.02 Name ""Tom"" wonder.v.01 Proposition >1 Agent -1 Time +1 time.n.08 TPR now CONTINUATION <0 female.n.02 Name ""Mary"" POSSIBILITY <1 speak.v.03 Agent -1 Theme +1 french.n.01"
p13/d2353,The fireman could not extinguish the flames.,could,could,neg,,Y,,,Y,,NEGATION;POSSIBILITY,person.n.01 Role +1 fireman.n.04 NEGATION <1 POSSIBILITY <1 extinguish.v.02 Agent -2 Patient +1 flame.n.01
p77/d2578,I shouldn't drink.,should,should,neg,,,Y,,Y,,NECESSITY;NEGATION,person.n.01 EQU speaker NECESSITY <1 NEGATION <1 drink.v.02 Agent -1
p28/d2428,I can't speak Japanese.,ca,can,neg,,Y,,,Y,,NEGATION;POSSIBILITY,person.n.01 EQU speaker NEGATION <1 POSSIBILITY <1 speak.v.03 Agent -1 Theme +1 japanese.n.02
p84/d1716,A parrot can mimic a person's voice.,can,can,,,Y,,,Y,,NEGATION;POSSIBILITY,NEGATION <1 parrot.n.01 NEGATION <1 POSSIBILITY <1 mimic.v.01 Agent -1 Theme +2 person.n.01 voice.n.02 Creator -1
p60/d0799,I assure you that an error like this will never happen again.,will,will,neg,,,,Y,Y,Y,CONTINUATION;NEGATION;TSU,person.n.01 EQU speaker assure.v.01 Proposition >1 Agent -1 Time +1 Recipient +2 time.n.08 EQU now person.n.01 EQU hearer CONTINUATION <0 error.n.01 APX +1 entity.n.01 NEGATION <1 time.n.08 TSU now happen.v.02 Theme -3 Time -1
p96/d1428,You will be proud of me.,will,will,,,,,Y,,,TSU,person.n.01 EQU hearer time.n.08 TSU now proud.a.01 Experiencer -2 Time -1 Stimulus +1 person.n.01 EQU speaker
p23/d1853,It will cost at least five dollars.,will,will,,,,,Y,,,TSU,entity.n.01 time.n.08 TSU now cost.v.01 Theme -2 Time -1 Value +3 quantity.n.01 BOT +1 quantity.n.01 EQU 5 dollar.n.01 Quantity -2
p71/d2278,"She lives near the beach, but she can't swim.",ca,can,neg,,Y,,,Y,Y,CONTRAST;NEGATION;POSSIBILITY,female.n.02 live.v.01 Theme -1 Time +1 Location +2 time.n.08 EQU now location.n.01 APX +1 beach.n.01 CONTRAST <1 female.n.02 ANA -5 NEGATION <1 POSSIBILITY <1 swim.v.01 Theme -1
p81/d1154,"We will defend the city also, but we won't support the Bolsheviki.",will,will,,,,,Y,Y,Y,CONTRAST;NEGATION;TSU,"person.n.01 Sub speaker time.n.08 TSU now defend.v.03 Agent -2 Time -1 Theme +1 city.n.01 CONTRAST <1 person.n.01 Sub speaker NEGATION <1 time.n.08 TSU now support.v.03 Agent -2 Time -1 Theme +1 party.n.01 Name ""Bolsheviki"""
p81/d1154,"We will defend the city also, but we won't support the Bolsheviki.",wo,will,neg,,,,Y,Y,Y,CONTRAST;NEGATION;TSU,"person.n.01 Sub speaker time.n.08 TSU now defend.v.03 Agent -2 Time -1 Theme +1 city.n.01 CONTRAST <1 person.n.01 Sub speaker NEGATION <1 time.n.08 TSU now support.v.03 Agent -2 Time -1 Theme +1 party.n.01 Name ""Bolsheviki"""
p40/d3122,I can't call anyone right now.,ca,can,neg,,Y,,,Y,,NEGATION;POSSIBILITY,person.n.01 EQU speaker NEGATION <1 POSSIBILITY <1 call.v.03 Agent -1 Theme +1 Time +2 person.n.01 time.n.08 EQU now
p74/d2252,I'll be jealous.,'ll,will,,,,,Y,,,TSU,person.n.01 EQU speaker time.n.08 TSU now jealous.a.01 Experiencer -2 Time -1
p26/d3500,You can go to the bus station.,can,can,,,Y,,,,,POSSIBILITY,person.n.01 EQU hearer POSSIBILITY <1 go.v.01 Theme -1 Destination +1 bus_station.n.01
p84/d1665,Tom can't read yet.,ca,can,neg,,Y,,,Y,,NEGATION;POSSIBILITY,"male.n.02 Name ""Tom"" NEGATION <1 POSSIBILITY <1 read.v.01 Agent -1"
p68/d1527,He will drink the champagne at midnight.,will,will,,,,,Y,,,TSU,male.n.02 time.n.08 TSU now drink.v.01 Agent -2 Time -1 Patient +1 Time +2 champagne.n.01 time.n.08 ClockTime 00:00
p09/d2467,I will prosper.,will,will,,,,,Y,,,TSU,person.n.01 EQU speaker time.n.08 TSU now prosper.v.01 Agent -2 Time -1
p17/d2899,What time will the train arrive in Yokohama?,will,will,,,,,Y,,,TSU,"time.n.08 ClockTime ? time.n.08 TSU now train.n.01 arrive.v.01 Time -3 Time -2 Theme -1 Destination +1 city.n.01 Name ""Yokohama"""
p88/d0868,It'll cost over a thousand yen.,'ll,will,,,,,Y,,,TSU,entity.n.01 time.n.08 TSU now cost.v.01 Theme -2 Time -1 Value +3 quantity.n.01 MOR +1 quantity.n.01 EQU 1000 yen.n.02 Quantity -2
p01/d2310,She will give birth in July.,will,will,,,,,Y,,,TSU,female.n.02 time.n.08 TSU now give_birth.v.01 Agent -2 Time -1 Time +1 time.n.08 MonthOfYear 7
p27/d1637,The conference will take place in Tokyo.,will,will,,,,,Y,,,TSU,"conference.n.01 time.n.08 TSU now take_place.v.01 Theme -2 Time -1 EQU +1 Location +2 entity.n.01 city.n.01 Name ""Tokyo"""
p04/d0821,I must have my bicycle repaired.,must,must,,,,Y,Y,,,NECESSITY;TSU,person.n.01 EQU speaker NECESSITY <1 time.n.08 TSU now person.n.01 EQU speaker bicycle.n.01 User -1 repair.v.01 Beneficiary -4 Time -3 Patient -1
p02/d1798,I can't find the newspaper.,ca,can,neg,,Y,,,Y,,NEGATION;POSSIBILITY,person.n.01 EQU speaker NEGATION <1 POSSIBILITY <1 find.v.03 Agent -1 Theme +1 newspaper.n.03
p87/d2578,The Diet will meet on Tuesday.,will,will,,,,,Y,,,TSU,diet.n.02 time.n.08 TSU now meet.v.02 Agent -2 Time -1 Time +1 time.n.08 DayOfWeek tuesday
p27/d2741,He'll rip my head off.,'ll,will,,,,,Y,,,TSU,male.n.02 time.n.08 TSU now tear_off.v.01 Agent -2 Time -1 Patient +2 person.n.01 EQU speaker head.n.01 PartOf -1
p51/d1683,Tom can't pronounce Mary's last name.,ca,can,neg,,Y,,,Y,,NEGATION;POSSIBILITY,"male.n.02 Name ""Tom"" NEGATION <1 POSSIBILITY <1 pronounce.v.01 Agent -1 Theme +2 female.n.02 Name ""Mary"" last_name.n.01 User -1"
p02/d2461,I can't stand those kinds of people.,ca,can,neg,,Y,,,Y,,NEGATION;POSSIBILITY,person.n.01 EQU speaker NEGATION <1 POSSIBILITY <1 stand.v.05 Experiencer -1 Stimulus +1 kind.n.01 PartOf +1 person.n.01
p00/d2022,I can't open this bottle.,ca,can,neg,,Y,,,Y,,NEGATION;POSSIBILITY,person.n.01 EQU speaker NEGATION <1 POSSIBILITY <1 open.v.01 Agent -1 Patient +1 bottle.n.01
p22/d3215,You can't tickle yourself.,ca,can,neg,,Y,,,Y,,NEGATION;POSSIBILITY,NEGATION <1 person.n.01 NEGATION <1 NEGATION <1 POSSIBILITY <1 tickle.v.01 Experiencer -1 Stimulus -1
p02/d2924,What time will the flight arrive in Tokyo?,will,will,,,,,Y,,,TSU,"time.n.08 ClockTime ? time.n.08 TSU now flight.n.09 arrive.v.01 Time -3 Time -2 Theme -1 Destination +1 city.n.01 Name ""Tokyo"""
p06/d1742,He suggested to her that she should buy it.,should,should,,,,Y,,,Y,CONTINUATION;NECESSITY,male.n.02 suggest.v.01 Proposition >1 Causer -1 Time +1 Recipient +2 time.n.08 TPR now female.n.02 CONTINUATION <0 female.n.02 ANA -1 NECESSITY <1 buy.v.01 Agent -1 Theme +1 entity.n.01
p03/d2026,Tomorrow it will rain in the south of England.,will,will,,,,,Y,,,TSU,"time.n.08 TIN +2 day.n.03 TCT now TAB +1 day.n.03 entity.n.01 time.n.08 TSU now rain.v.01 Time -5 EQU -2 Time -1 Location +1 south.n.04 Of +1 country.n.02 Name ""England"""
p00/d1631,Coffee will be served after the meal.,will,will,,,,,Y,,,TSU,coffee.n.01 time.n.08 TSU now serve.v.05 Theme -2 Time -1 Time +1 time.n.08 TSU +1 meal.n.01
p95/d2809,Whoever stole the money should be punished.,should,should,,,,Y,,Y,,NECESSITY;NEGATION,NEGATION <1 person.n.01 steal.v.01 Agent -1 Time +1 Theme +2 time.n.08 TPR now money.n.01 NEGATION <1 NECESSITY <1 punish.v.01 Patient -4
p09/d2379,I'll sing.,'ll,will,,,,,Y,,,TSU,person.n.01 EQU speaker time.n.08 TSU now sing.v.01 Agent -2 Time -1
p10/d3126,I will meet you at the station at 10 a.m.,will,will,,,,,Y,,,TSU,person.n.01 EQU speaker time.n.08 TSU now meet.v.02 Theme -2 Time -1 Co-Theme +1 Location +2 Time +3 person.n.01 EQU hearer station.n.01 time.n.08 ClockTime 10:00
p71/d2169,"If we don't hurry, we'll miss our train.",'ll,will,,,,,Y,Y,Y,CONSEQUENCE;NEGATION;TSU,person.n.01 Sub speaker NEGATION <1 time.n.08 EQU now hurry.v.01 Theme -2 Time -1 CONSEQUENCE <1 person.n.01 Sub speaker time.n.08 TSU now miss.v.05 Agent -2 Time -1 Theme +2 person.n.01 Sub speaker train.n.01 User -1
p35/d1564,He might be away at the moment.,might,might,,,Y,,,,,POSSIBILITY,male.n.02 POSSIBILITY <1 away.a.01 AttributeOf -1 Time +1 time.n.08 EQU now
p13/d2606,Who will win the gold medal?,will,will,,,,,Y,,,TSU,person.n.01 Name ? time.n.08 TSU now win.v.01 Agent -2 Time -1 Theme +1 gold_medal.n.01
p60/d0775,I'm very sensitive to cold. May I have another blanket?,May,may,,,Y,,,,Y,CONTINUATION;POSSIBILITY,person.n.01 EQU speaker time.n.08 EQU now very.r.01 sensitive.a.01 Experiencer -3 Time -2 Degree -1 Stimulus +1 cold.n.02 CONTINUATION <1 POSSIBILITY <1 person.n.01 EQU speaker have.v.01 Pivot -1 Theme +2 blanket.n.01 NEQ +1 blanket.n.01
p08/d0903,I'll be back at six.,'ll,will,,,,,Y,,,TSU,person.n.01 EQU speaker time.n.08 TSU now back.r.01 AttributeOf -2 Time -1 Time +1 time.n.08 ClockTime 18:00
p96/d1582,People should love one another.,should,should,,,,Y,,,,NECESSITY,person.n.01 NECESSITY <1 love.v.01 Stimulus -1 Experiencer -1
p10/d3440,We should organize a search party.,should,should,,,,Y,,,,NECESSITY,person.n.01 Sub speaker NECESSITY <1 organize.v.01 Agent -1 Result +1 search_party.n.01
p93/d1734,I'll pick you up at 2:30.,'ll,will,,,,,Y,,,TSU,person.n.01 EQU speaker time.n.08 TSU now pick_up.v.03 Agent -2 Time -1 Theme +1 Time +2 person.n.01 EQU hearer time.n.08 ClockTime 14:30
p01/d1552,I won't bite.,wo,will,neg,,,,Y,Y,,NEGATION;TSU,person.n.01 EQU speaker NEGATION <1 time.n.08 TSU now bite.v.01 Agent -2 Time -1
p58/d3087,Neither Tom nor Mary can speak French.,can,can,,,Y,,,Y,,NEGATION;POSSIBILITY,"NEGATION <1 male.n.02 Name ""Tom"" POSSIBILITY <1 speak.v.03 Agent -1 Theme +1 french.n.01 NEGATION <3 female.n.02 Name ""Mary"" POSSIBILITY <1 speak.v.03 Agent -1 Theme +1 french.n.01"
p28/d2819,He will be in New York for two weeks.,will,will,,,,,Y,,,TSU,"male.n.02 time.n.08 TSU now be.v.03 Theme -2 Time -1 Location +1 Duration +3 city.n.03 Name ""New York"" quantity.n.01 EQU 2 week.n.01 Quantity -1"
p04/d2907,The submarine can dive up to a 1000 feet.,can,can,,,Y,,,,,POSSIBILITY,submarine.n.01 POSSIBILITY <1 dive.v.03 Theme -1 Value +3 quantity.n.01 TOP +1 quantity.n.01 EQU 1000 foot.n.02 Quantity -2
p20/d3512,You must be very proud.,must,must,,,,Y,,,,NECESSITY,person.n.01 EQU hearer NECESSITY <1 very.r.01 proud.a.01 Experiencer -2 Degree -1
p00/d2556,I can't talk now.,ca,can,neg,,Y,,,Y,,NEGATION;POSSIBILITY,person.n.01 EQU speaker NEGATION <1 POSSIBILITY <1 talk.v.02 Agent -1 Time +1 time.n.08 EQU now
p46/d1880,They can offer something else.,can,can,,,Y,,,,,POSSIBILITY,person.n.01 POSSIBILITY <1 offer.v.02 Agent -1 Theme +1 entity.n.01 NEQ +1 entity.n.01
p12/d0920,The shopping center will be demolished.,will,will,,,,,Y,,,TSU,shopping_center.n.01 time.n.08 TSU now demolish.v.01 Patient -2 Time -1
p09/d2772,That plane will take off at five.,will,will,,,,,Y,,,TSU,plane.n.01 time.n.08 TSU now take_off.v.03 Theme -2 Time -1 Time +1 time.n.08 ClockTime 17:00
p95/d1663,Who fights can lose. Who doesn't fight has already lost.,can,can,,,Y,,,Y,Y,CONTINUATION;NEGATION;POSSIBILITY,NEGATION <1 person.n.01 fight.v.01 Agent -1 Time +1 time.n.08 EQU now NEGATION <1 POSSIBILITY <1 lose.v.02 Agent -3 CONTINUATION <4 NEGATION <1 person.n.01 time.n.08 EQU now NEGATION <1 fight.v.01 Agent -2 Time -1 NEGATION <2 lose.v.02 Agent -3 Time +1 time.n.08 TPR now
p20/d2522,I can come at three.,can,can,,,Y,,,,,POSSIBILITY,person.n.01 EQU speaker POSSIBILITY <1 come.v.02 Theme -1 Time +1 time.n.08 ClockTime 15:00
p57/d0782,"If I had money, I could buy it.",could,could,,,Y,,,,Y,CONSEQUENCE;POSSIBILITY,person.n.01 EQU speaker have.v.01 Pivot -1 Theme +1 money.n.01 CONSEQUENCE <1 person.n.01 EQU speaker POSSIBILITY <1 buy.v.01 Agent -1 Theme +1 entity.n.01
p25/d2946,"If you run fast, you can catch the train.",can,can,,,Y,,,,Y,CONSEQUENCE;POSSIBILITY,person.n.01 EQU hearer run.v.01 Theme -1 Time +1 Manner +2 time.n.08 EQU now fast.a.01 CONSEQUENCE <1 person.n.01 EQU hearer POSSIBILITY <1 catch.v.09 Agent -1 Theme +1 train.n.01
p46/d1798,"If the weather is good, I'll go.",'ll,will,,,,,Y,,Y,CONSEQUENCE;TSU,weather.n.01 time.n.08 EQU now good.a.01 AttributeOf -2 Time -1 CONSEQUENCE <1 person.n.01 EQU speaker time.n.08 TSU now go.v.01 Theme -2 Time -1
p15/d2973,I'd like a gin and tonic.,'d,would,,,,,Y,,,TSU,person.n.01 EQU speaker time.n.08 TSU now like.v.05 Pivot -2 Time -1 Theme +1 gin_and_tonic.n.01
